{
  "eval_loss": 0.7140765190124512,
  "report": {
    "neutral": {
      "precision": 0.4,
      "recall": 1.0,
      "f1-score": 0.5714285714285714,
      "support": 2.0
    },
    "distress": {
      "precision": 0.0,
      "recall": 0.0,
      "f1-score": 0.0,
      "support": 3.0
    },
    "accuracy": 0.4,
    "macro avg": {
      "precision": 0.2,
      "recall": 0.5,
      "f1-score": 0.2857142857142857,
      "support": 5.0
    },
    "weighted avg": {
      "precision": 0.16,
      "recall": 0.4,
      "f1-score": 0.22857142857142856,
      "support": 5.0
    }
  }
}